userName,content,score,at,cleaned_content,normalized_content,lower_content,tokens,stemmed_content,label
ERWINDO GUNAWAN,ok,5,2024-10-08 01:00:00,ok,ok,ok,['ok'],ok,
Lita Kurnia,Salah memasukan plat mobil jadi tidak bisa,1,2024-10-08 00:25:22,Salah memasukan plat mobil jadi tidak bisa,Salah memasukan plat mobil jadi tidak bisa,salah memasukan plat mobil jadi tidak bisa,"['salah', 'memasukan', 'plat', 'mobil', 'jadi', 'tidak', 'bisa']",salah pasu plat mobil jadi tidak bisa,
FF. Yozura Odan,Gimane aih ini udeh bener sesuai sama nomer nya kok malah tidak sesuai sama nopol sih aneh pertamina ini.katanya biar subsidi tepat giliran pada daftar dipersulit hadeuh di konoha ini.kalo ada bintang 0 ini saya langsung pake bintang nol nya.,1,2024-10-08 00:13:06,Gimane aih ini udeh bener sesuai sama nomer nya kok malah tidak sesuai sama nopol sih aneh pertamina inikatanya biar subsidi tepat giliran pada daftar dipersulit hadeuh di konoha inikalo ada bintang  ini saya langsung pake bintang nol nya,Gimane aih ini udeh bener sesuai sama nomer nya kok malah tidak sesuai sama nopol sih aneh pertamina inikatanya biar subsidi tepat giliran pada daftar dipersulit hadeuh di konoha inikalo ada bintang  ini saya langsung pake bintang nol nya,gimane aih ini udeh bener sesuai sama nomer nya kok malah tidak sesuai sama nopol sih aneh pertamina inikatanya biar subsidi tepat giliran pada daftar dipersulit hadeuh di konoha inikalo ada bintang  ini saya langsung pake bintang nol nya,"['gimane', 'aih', 'ini', 'udeh', 'bener', 'sesuai', 'sama', 'nomer', 'nya', 'kok', 'malah', 'tidak', 'sesuai', 'sama', 'nopol', 'sih', 'aneh', 'pertamina', 'inikatanya', 'biar', 'subsidi', 'tepat', 'giliran', 'pada', 'daftar', 'dipersulit', 'hadeuh', 'di', 'konoha', 'inikalo', 'ada', 'bintang', 'ini', 'saya', 'langsung', 'pake', 'bintang', 'nol', 'nya']",gimane aih ini udeh bener sesuai sama nomer nya kok malah tidak sesuai sama nopol sih aneh pertamina inikatanya biar subsidi tepat gilir pada daftar sulit hadeuh di konoha inikalo ada bintang ini saya langsung pake bintang nol nya,
yustiadi rosman,Kebijakan paling asu,1,2024-10-07 23:49:14,Kebijakan paling asu,Kebijakan paling asu,kebijakan paling asu,"['kebijakan', 'paling', 'asu']",bijak paling asu,
Rully Sastro,Belum pernah daftar tp status nya sudah terdaftar hadeuh....,1,2024-10-07 23:22:16,Belum pernah daftar tp status nya sudah terdaftar hadeuh,Belum pernah daftar tp status nya sudah terdaftar hadeuh,belum pernah daftar tp status nya sudah terdaftar hadeuh,"['belum', 'pernah', 'daftar', 'tp', 'status', 'nya', 'sudah', 'terdaftar', 'hadeuh']",belum pernah daftar tp status nya sudah daftar hadeuh,
Subhan Nurriziq,Ribet mending beralih motor listrik isi bahan bakar tinggal cas ga perlu QR,1,2024-10-07 23:16:23,Ribet mending beralih motor listrik isi bahan bakar tinggal cas ga perlu QR,Ribet mending beralih motor listrik isi bahan bakar tinggal cas tidak perlu QR,ribet mending beralih motor listrik isi bahan bakar tinggal cas tidak perlu qr,"['ribet', 'mending', 'beralih', 'motor', 'listrik', 'isi', 'bahan', 'bakar', 'tinggal', 'cas', 'tidak', 'perlu', 'qr']",ribet mending alih motor listrik isi bahan bakar tinggal cas tidak perlu qr,
Aris Jayasport,Aplikasi kurang bermutu...,1,2024-10-07 23:15:45,Aplikasi kurang bermutu,Aplikasi kurang bermutu,aplikasi kurang bermutu,"['aplikasi', 'kurang', 'bermutu']",aplikasi kurang mutu,
Gugun Gunarso,Ora mudeng,1,2024-10-07 22:28:38,Ora mudeng,Ora mudeng,ora mudeng,"['ora', 'mudeng']",ora mudeng,
Muhammad Imron,Belum dapat barko,5,2024-10-07 22:15:23,Belum dapat barko,Belum dapat barko,belum dapat barko,"['belum', 'dapat', 'barko']",belum dapat barko,
santika82,Baguss,5,2024-10-07 21:51:41,Baguss,Baguss,baguss,['baguss'],baguss,
Ajar BKB,Memudahkan,5,2024-10-07 21:16:31,Memudahkan,Memudahkan,memudahkan,['memudahkan'],mudah,
Bustomi As'ad,Aplikasi dan kebijakan yg menyulitkan masyarakat.. menghambat produktifitas dan perekonomian,1,2024-10-07 21:03:53,Aplikasi dan kebijakan yg menyulitkan masyarakat menghambat produktifitas dan perekonomian,Aplikasi dan kebijakan yg menyulitkan masyarakat menghambat produktifitas dan perekonomian,aplikasi dan kebijakan yg menyulitkan masyarakat menghambat produktifitas dan perekonomian,"['aplikasi', 'dan', 'kebijakan', 'yg', 'menyulitkan', 'masyarakat', 'menghambat', 'produktifitas', 'dan', 'perekonomian']",aplikasi dan bijak yg sulit masyarakat hambat produktifitas dan ekonomi,
RASHTON Rashton,Barkob bbm bersupsidi,5,2024-10-07 21:03:20,Barkob bbm bersupsidi,Barkob bbm bersupsidi,barkob bbm bersupsidi,"['barkob', 'bbm', 'bersupsidi']",barkob bbm bersupsidi,
Enal Unsulangi,mantap,5,2024-10-07 20:41:37,mantap,mantap,mantap,['mantap'],mantap,
Asih Google.com.,"Aplikasi my Pertamina yang sekarang lebih repot lebih baik dan lebih bagus aplikasi yang dulu ,kalau yang sekarang lebih-lebih gak masuk akal, tolong pemerintah logika kan pikiran anda aplikasi my Pertamina sekarang lebih akal",1,2024-10-07 20:39:39,Aplikasi my Pertamina yang sekarang lebih repot lebih baik dan lebih bagus aplikasi yang dulu kalau yang sekarang lebihlebih gak masuk akal tolong pemerintah logika kan pikiran anda aplikasi my Pertamina sekarang lebih akal,Aplikasi my Pertamina yang sekarang lebih repot lebih baik dan lebih bagus aplikasi yang dulu kalau yang sekarang lebihlebih tidak masuk akal tolong pemerintah logika kan pikiran anda aplikasi my Pertamina sekarang lebih akal,aplikasi my pertamina yang sekarang lebih repot lebih baik dan lebih bagus aplikasi yang dulu kalau yang sekarang lebihlebih tidak masuk akal tolong pemerintah logika kan pikiran anda aplikasi my pertamina sekarang lebih akal,"['aplikasi', 'my', 'pertamina', 'yang', 'sekarang', 'lebih', 'repot', 'lebih', 'baik', 'dan', 'lebih', 'bagus', 'aplikasi', 'yang', 'dulu', 'kalau', 'yang', 'sekarang', 'lebihlebih', 'tidak', 'masuk', 'akal', 'tolong', 'pemerintah', 'logika', 'kan', 'pikiran', 'anda', 'aplikasi', 'my', 'pertamina', 'sekarang', 'lebih', 'akal']",aplikasi my pertamina yang sekarang lebih repot lebih baik dan lebih bagus aplikasi yang dulu kalau yang sekarang lebihlebih tidak masuk akal tolong perintah logika kan pikir anda aplikasi my pertamina sekarang lebih akal,
Armada Wali,mantap,5,2024-10-07 20:38:45,mantap,mantap,mantap,['mantap'],mantap,
NOC IONET,Loadnya lama tolong perbaiki lagi,1,2024-10-07 20:11:58,Loadnya lama tolong perbaiki lagi,Loadnya lama tolong perbaiki lagi,loadnya lama tolong perbaiki lagi,"['loadnya', 'lama', 'tolong', 'perbaiki', 'lagi']",loadnya lama tolong baik lagi,
Giwan Supanjang,Lanjut dan tingkatkan pelayanan,5,2024-10-07 19:52:31,Lanjut dan tingkatkan pelayanan,Lanjut dan tingkatkan pelayanan,lanjut dan tingkatkan pelayanan,"['lanjut', 'dan', 'tingkatkan', 'pelayanan']",lanjut dan tingkat layan,
Nasar Mus,Bagus,5,2024-10-07 19:40:35,Bagus,Bagus,bagus,['bagus'],bagus,
Dx 82,Sip mantap,5,2024-10-07 19:33:57,Sip mantap,Sip mantap,sip mantap,"['sip', 'mantap']",sip mantap,
andes aja,"Kek ny developer aplikasiny gak serius lah buat app ny... Dan server ny pn kek ny asal2an dan gak d liat betul dr aspek beban data, keamanan dll",1,2024-10-07 19:28:44,Kek ny developer aplikasiny gak serius lah buat app ny Dan server ny pn kek ny asalan dan gak d liat betul dr aspek beban data keamanan dll,Kek ny developer aplikasiny tidak serius lah buat app ny Dan server ny pn kek ny asalan dan tidak d liat betul dr aspek beban data keamanan dll,kek ny developer aplikasiny tidak serius lah buat app ny dan server ny pn kek ny asalan dan tidak d liat betul dr aspek beban data keamanan dll,"['kek', 'ny', 'developer', 'aplikasiny', 'tidak', 'serius', 'lah', 'buat', 'app', 'ny', 'dan', 'server', 'ny', 'pn', 'kek', 'ny', 'asalan', 'dan', 'tidak', 'd', 'liat', 'betul', 'dr', 'aspek', 'beban', 'data', 'keamanan', 'dll']",kek ny developer aplikasiny tidak serius lah buat app ny dan server ny pn kek ny asal dan tidak d liat betul dr aspek beban data aman dll,
Rizal Adhit'a,Nomer hp udah ganti gak bisa masuk ke my pertamina,3,2024-10-07 19:15:55,Nomer hp udah ganti gak bisa masuk ke my pertamina,Nomer hp udah ganti tidak bisa masuk ke my pertamina,nomer hp udah ganti tidak bisa masuk ke my pertamina,"['nomer', 'hp', 'udah', 'ganti', 'tidak', 'bisa', 'masuk', 'ke', 'my', 'pertamina']",nomer hp udah ganti tidak bisa masuk ke my pertamina,
Yandi Irawan,"1 Tambahkan ulasan suara konsumen untuk setiap mengisi BBM, untuk mencegah SPBU ""nakal"" 2 tolong dijaga data konsumen supaya tidak disalahgunakan oleh pihak tidak bertanggung jawab 3 Pastikan semua SPBU sudah memenuhi berbagai kebutuhan alat transaksi",5,2024-10-07 19:07:40, Tambahkan ulasan suara konsumen untuk setiap mengisi BBM untuk mencegah SPBU nakal  tolong dijaga data konsumen supaya tidak disalahgunakan oleh pihak tidak bertanggung jawab  Pastikan semua SPBU sudah memenuhi berbagai kebutuhan alat transaksi, Tambahkan ulasan suara konsumen untuk setiap mengisi BBM untuk mencegah SPBU nakal  tolong dijaga data konsumen supaya tidak disalahgunakan oleh pihak tidak bertanggung jawab  Pastikan semua SPBU sudah memenuhi berbagai kebutuhan alat transaksi, tambahkan ulasan suara konsumen untuk setiap mengisi bbm untuk mencegah spbu nakal  tolong dijaga data konsumen supaya tidak disalahgunakan oleh pihak tidak bertanggung jawab  pastikan semua spbu sudah memenuhi berbagai kebutuhan alat transaksi,"['tambahkan', 'ulasan', 'suara', 'konsumen', 'untuk', 'setiap', 'mengisi', 'bbm', 'untuk', 'mencegah', 'spbu', 'nakal', 'tolong', 'dijaga', 'data', 'konsumen', 'supaya', 'tidak', 'disalahgunakan', 'oleh', 'pihak', 'tidak', 'bertanggung', 'jawab', 'pastikan', 'semua', 'spbu', 'sudah', 'memenuhi', 'berbagai', 'kebutuhan', 'alat', 'transaksi']",tambah ulas suara konsumen untuk tiap isi bbm untuk cegah spbu nakal tolong jaga data konsumen supaya tidak disalahgunakan oleh pihak tidak tanggung jawab pasti semua spbu sudah penuh bagai butuh alat transaksi,
Amelia Nuraeni,kbanyakan update. kaeyawan nya jarang nyatet plat nomor. gakkaya shell,1,2024-10-07 18:37:27,kbanyakan update kaeyawan nya jarang nyatet plat nomor gakkaya shell,kbanyakan update kaeyawan nya jarang nyatet plat nomor gakkaya shell,kbanyakan update kaeyawan nya jarang nyatet plat nomor gakkaya shell,"['kbanyakan', 'update', 'kaeyawan', 'nya', 'jarang', 'nyatet', 'plat', 'nomor', 'gakkaya', 'shell']",kbanyakan update kaeyawan nya jarang nyatet plat nomor gakkaya shell,
Dwi Prasatriawan (Dwi),Banyak bugsnya,4,2024-10-07 18:13:46,Banyak bugsnya,Banyak bugsnya,banyak bugsnya,"['banyak', 'bugsnya']",banyak bugsnya,
Sevi Dwi Cahyani,Buat akun saja susah banget,2,2024-10-07 18:02:31,Buat akun saja susah banget,Buat akun saja susah banget,buat akun saja susah banget,"['buat', 'akun', 'saja', 'susah', 'banget']",buat akun saja susah banget,
Alifia Adriana,sangat baik,5,2024-10-07 17:58:31,sangat baik,sangat baik,sangat baik,"['sangat', 'baik']",sangat baik,
Agus Purwadi,"Saya bikin barcode tapi bukan saya yang pakai,tadi saya mau uji coba isi pertalite tapi kuota ku sudah ada yang pakai,lantas gunanya bikin barcode apa,kalau barcode kita yang bikin tapi orang lain yang pakai,...!? Seharusnya itu kalau ada mobil yang mau isi BBM tdk sesuai di barcode jangan dikasih,tolong sistem pertanian diperbaiki,karna sudah merugikan yang memiliki barcode",1,2024-10-07 17:47:05,Saya bikin barcode tapi bukan saya yang pakaitadi saya mau uji coba isi pertalite tapi kuota ku sudah ada yang pakailantas gunanya bikin barcode apakalau barcode kita yang bikin tapi orang lain yang pakai Seharusnya itu kalau ada mobil yang mau isi BBM tdk sesuai di barcode jangan dikasihtolong sistem pertanian diperbaikikarna sudah merugikan yang memiliki barcode,Saya bikin barcode tapi bukan saya yang pakaitadi saya mau uji coba isi pertalite tapi kuota ku sudah ada yang pakailantas gunanya bikin barcode apakalau barcode kita yang bikin tapi orang lain yang pakai Seharusnya itu kalau ada mobil yang mau isi BBM tidak sesuai di barcode jangan dikasihtolong sistem pertanian diperbaikikarna sudah merugikan yang memiliki barcode,saya bikin barcode tapi bukan saya yang pakaitadi saya mau uji coba isi pertalite tapi kuota ku sudah ada yang pakailantas gunanya bikin barcode apakalau barcode kita yang bikin tapi orang lain yang pakai seharusnya itu kalau ada mobil yang mau isi bbm tidak sesuai di barcode jangan dikasihtolong sistem pertanian diperbaikikarna sudah merugikan yang memiliki barcode,"['saya', 'bikin', 'barcode', 'tapi', 'bukan', 'saya', 'yang', 'pakaitadi', 'saya', 'mau', 'uji', 'coba', 'isi', 'pertalite', 'tapi', 'kuota', 'ku', 'sudah', 'ada', 'yang', 'pakailantas', 'gunanya', 'bikin', 'barcode', 'apakalau', 'barcode', 'kita', 'yang', 'bikin', 'tapi', 'orang', 'lain', 'yang', 'pakai', 'seharusnya', 'itu', 'kalau', 'ada', 'mobil', 'yang', 'mau', 'isi', 'bbm', 'tidak', 'sesuai', 'di', 'barcode', 'jangan', 'dikasihtolong', 'sistem', 'pertanian', 'diperbaikikarna', 'sudah', 'merugikan', 'yang', 'memiliki', 'barcode']",saya bikin barcode tapi bukan saya yang pakaitadi saya mau uji coba isi pertalite tapi kuota ku sudah ada yang pakailantas guna bikin barcode apakalau barcode kita yang bikin tapi orang lain yang pakai harus itu kalau ada mobil yang mau isi bbm tidak sesuai di barcode jangan dikasihtolong sistem tani diperbaikikarna sudah rugi yang milik barcode,
iqbal aditya,"daftar akun nya ribet banget, gak ada isi kolom email cm ada no hp doang hbs sign up mau login tetep gak bisa...ga ada pake verifikasi2 segala ini bikin akunnya? 😅😅😅",1,2024-10-07 17:01:04,daftar akun nya ribet banget gak ada isi kolom email cm ada no hp doang hbs sign up mau login tetep gak bisaga ada pake verifikasi segala ini bikin akunnya ,daftar akun nya ribet banget tidak ada isi kolom email cm ada no hp doang hbs sign up mau login tetep tidak bisaga ada pake verifikasi segala ini bikin akunnya ,daftar akun nya ribet banget tidak ada isi kolom email cm ada no hp doang hbs sign up mau login tetep tidak bisaga ada pake verifikasi segala ini bikin akunnya ,"['daftar', 'akun', 'nya', 'ribet', 'banget', 'tidak', 'ada', 'isi', 'kolom', 'email', 'cm', 'ada', 'no', 'hp', 'doang', 'hbs', 'sign', 'up', 'mau', 'login', 'tetep', 'tidak', 'bisaga', 'ada', 'pake', 'verifikasi', 'segala', 'ini', 'bikin', 'akunnya']",daftar akun nya ribet banget tidak ada isi kolom email cm ada no hp doang hbs sign up mau login tetep tidak bisaga ada pake verifikasi segala ini bikin akun,
bintang putra,Gimana mau daftar kalo daftar saja gagal terus ? Jadi kalo begini menyusahkan atau mempermudah bapak ibu yang terhormat ?,1,2024-10-07 16:51:24,Gimana mau daftar kalo daftar saja gagal terus  Jadi kalo begini menyusahkan atau mempermudah bapak ibu yang terhormat ,Gimana mau daftar kalo daftar saja gagal terus  Jadi kalo begini menyusahkan atau mempermudah bapak ibu yang terhormat ,gimana mau daftar kalo daftar saja gagal terus  jadi kalo begini menyusahkan atau mempermudah bapak ibu yang terhormat ,"['gimana', 'mau', 'daftar', 'kalo', 'daftar', 'saja', 'gagal', 'terus', 'jadi', 'kalo', 'begini', 'menyusahkan', 'atau', 'mempermudah', 'bapak', 'ibu', 'yang', 'terhormat']",gimana mau daftar kalo daftar saja gagal terus jadi kalo begini susah atau mudah bapak ibu yang hormat,
Kiki Fadilah,Ribet bangat susah masukin foto stnk sama mobil.. beda ama si orange gampang bangat,5,2024-10-07 16:47:47,Ribet bangat susah masukin foto stnk sama mobil beda ama si orange gampang bangat,Ribet bangat susah masukin foto stnk sama mobil beda ama si orange gampang bangat,ribet bangat susah masukin foto stnk sama mobil beda ama si orange gampang bangat,"['ribet', 'bangat', 'susah', 'masukin', 'foto', 'stnk', 'sama', 'mobil', 'beda', 'ama', 'si', 'orange', 'gampang', 'bangat']",ribet bangat susah masukin foto stnk sama mobil beda ama si orange gampang bangat,
Askal jariah,Tidak ada SMS verifikasi yang masuk,1,2024-10-07 16:42:54,Tidak ada SMS verifikasi yang masuk,Tidak ada SMS verifikasi yang masuk,tidak ada sms verifikasi yang masuk,"['tidak', 'ada', 'sms', 'verifikasi', 'yang', 'masuk']",tidak ada sms verifikasi yang masuk,
Rikardus Gade,Memudahkan untuk Subsidi BBM,4,2024-10-07 16:23:23,Memudahkan untuk Subsidi BBM,Memudahkan untuk Subsidi BBM,memudahkan untuk subsidi bbm,"['memudahkan', 'untuk', 'subsidi', 'bbm']",mudah untuk subsidi bbm,
Tommi Irawan,"Aplikasi gak dilayani di spbu, apaan ini sudah ngisi saldo",1,2024-10-07 15:55:55,Aplikasi gak dilayani di spbu apaan ini sudah ngisi saldo,Aplikasi tidak dilayani di spbu apaan ini sudah ngisi saldo,aplikasi tidak dilayani di spbu apaan ini sudah ngisi saldo,"['aplikasi', 'tidak', 'dilayani', 'di', 'spbu', 'apaan', 'ini', 'sudah', 'ngisi', 'saldo']",aplikasi tidak layan di spbu apa ini sudah ngisi saldo,
Bekti Raharjo,"Telek Daftar berkalikali ga ada respon Anehnya,petugas spbu yg bikinin langsung jadi Dan doi bilang akunnya bikin barcode berkali². Dan tentunya bayar jasa 50rb",1,2024-10-07 15:35:49,Telek Daftar berkalikali ga ada respon Anehnyapetugas spbu yg bikinin langsung jadi Dan doi bilang akunnya bikin barcode berkali Dan tentunya bayar jasa rb,Telek Daftar berkalikali tidak ada respon Anehnyapetugas spbu yg bikinin langsung jadi Dan doi bilang akunnya bikin barcode berkali Dan tentunya bayar jasa rb,telek daftar berkalikali tidak ada respon anehnyapetugas spbu yg bikinin langsung jadi dan doi bilang akunnya bikin barcode berkali dan tentunya bayar jasa rb,"['telek', 'daftar', 'berkalikali', 'tidak', 'ada', 'respon', 'anehnyapetugas', 'spbu', 'yg', 'bikinin', 'langsung', 'jadi', 'dan', 'doi', 'bilang', 'akunnya', 'bikin', 'barcode', 'berkali', 'dan', 'tentunya', 'bayar', 'jasa', 'rb']",telek daftar berkalikali tidak ada respon anehnyapetugas spbu yg bikinin langsung jadi dan doi bilang akun bikin barcode kali dan tentu bayar jasa rb,
jaya gea,"Nopol sudah terdapftar. Padahal mobil baru... Mao perifikasi lagi harus ada poto BPKB padahal orang kebanyakan kredit, BPKB nya d lesing.... Terus harus gmana solusinya... Klo blm sempurna aplikasinya jgn di terapakn deh... Bikin susah masyarakat...",1,2024-10-07 15:33:43,Nopol sudah terdapftar Padahal mobil baru Mao perifikasi lagi harus ada poto BPKB padahal orang kebanyakan kredit BPKB nya d lesing Terus harus gmana solusinya Klo blm sempurna aplikasinya jgn di terapakn deh Bikin susah masyarakat,Nopol sudah terdapftar Padahal mobil baru Mao perifikasi lagi harus ada poto BPKB padahal orang kebanyakan kredit BPKB nya d lesing Terus harus gmana solusinya Klo blm sempurna aplikasinya jgn di terapakn deh Bikin susah masyarakat,nopol sudah terdapftar padahal mobil baru mao perifikasi lagi harus ada poto bpkb padahal orang kebanyakan kredit bpkb nya d lesing terus harus gmana solusinya klo blm sempurna aplikasinya jgn di terapakn deh bikin susah masyarakat,"['nopol', 'sudah', 'terdapftar', 'padahal', 'mobil', 'baru', 'mao', 'perifikasi', 'lagi', 'harus', 'ada', 'poto', 'bpkb', 'padahal', 'orang', 'kebanyakan', 'kredit', 'bpkb', 'nya', 'd', 'lesing', 'terus', 'harus', 'gmana', 'solusinya', 'klo', 'blm', 'sempurna', 'aplikasinya', 'jgn', 'di', 'terapakn', 'deh', 'bikin', 'susah', 'masyarakat']",nopol sudah terdapftar padahal mobil baru mao perifikasi lagi harus ada poto bpkb padahal orang banyak kredit bpkb nya d lesing terus harus gmana solusi klo blm sempurna aplikasi jgn di terapakn deh bikin susah masyarakat,
Rizal Fadhil,"Bener bener ga niat my pertamina, dri banyak ulasan yg sya baca, banyak kasus barcode hilang sendiri, barcode di blokir, tapi pengurusan ya bisa 1 bulan, termasuk saya sendiri yg mengalami. ini aplikasi pertama yg saya kasih bintang 1, kalu bisa saya kasih mines",1,2024-10-07 15:32:10,Bener bener ga niat my pertamina dri banyak ulasan yg sya baca banyak kasus barcode hilang sendiri barcode di blokir tapi pengurusan ya bisa  bulan termasuk saya sendiri yg mengalami ini aplikasi pertama yg saya kasih bintang  kalu bisa saya kasih mines,Bener bener tidak niat my pertamina dri banyak ulasan yg sya baca banyak kasus barcode hilang sendiri barcode di blokir tapi pengurusan ya bisa  bulan termasuk saya sendiri yg mengalami ini aplikasi pertama yg saya kasih bintang  kalu bisa saya kasih mines,bener bener tidak niat my pertamina dri banyak ulasan yg sya baca banyak kasus barcode hilang sendiri barcode di blokir tapi pengurusan ya bisa  bulan termasuk saya sendiri yg mengalami ini aplikasi pertama yg saya kasih bintang  kalu bisa saya kasih mines,"['bener', 'bener', 'tidak', 'niat', 'my', 'pertamina', 'dri', 'banyak', 'ulasan', 'yg', 'sya', 'baca', 'banyak', 'kasus', 'barcode', 'hilang', 'sendiri', 'barcode', 'di', 'blokir', 'tapi', 'pengurusan', 'ya', 'bisa', 'bulan', 'termasuk', 'saya', 'sendiri', 'yg', 'mengalami', 'ini', 'aplikasi', 'pertama', 'yg', 'saya', 'kasih', 'bintang', 'kalu', 'bisa', 'saya', 'kasih', 'mines']",bener bener tidak niat my pertamina dri banyak ulas yg sya baca banyak kasus barcode hilang sendiri barcode di blokir tapi urus ya bisa bulan masuk saya sendiri yg alami ini aplikasi pertama yg saya kasih bintang kalu bisa saya kasih mes,
Eliata Suliman,goog,5,2024-10-07 15:11:40,goog,goog,goog,['goog'],goog,
Mohan Reynaldi,Belum pernah mendaftar tapi keterangan NIK nya sudah terdaftar ? Coba konfirmasi lewat email ga balas lewat telepon operator sibuk,1,2024-10-07 15:07:15,Belum pernah mendaftar tapi keterangan NIK nya sudah terdaftar  Coba konfirmasi lewat email ga balas lewat telepon operator sibuk,Belum pernah mendaftar tapi keterangan NIK nya sudah terdaftar  Coba konfirmasi lewat email tidak balas lewat telepon operator sibuk,belum pernah mendaftar tapi keterangan nik nya sudah terdaftar  coba konfirmasi lewat email tidak balas lewat telepon operator sibuk,"['belum', 'pernah', 'mendaftar', 'tapi', 'keterangan', 'nik', 'nya', 'sudah', 'terdaftar', 'coba', 'konfirmasi', 'lewat', 'email', 'tidak', 'balas', 'lewat', 'telepon', 'operator', 'sibuk']",belum pernah daftar tapi terang nik nya sudah daftar coba konfirmasi lewat email tidak balas lewat telepon operator sibuk,
Muhamad Cahya,"Ribet. Saran ""barcode sudah tersedia di apk ini... Kemudian di apk ini bisa opsi bayar cash atau melalui apk ketika scan barcode."" Karena ga semua operator mengonfirmasi metode pembayaran. Jika kesalahan terjadi, operator ga bisa berbuat apapun selain meminta metode pembayaran yg mereka pilih sendiri tanpa konfirmasi.",1,2024-10-07 15:06:08,Ribet Saran barcode sudah tersedia di apk ini Kemudian di apk ini bisa opsi bayar cash atau melalui apk ketika scan barcode Karena ga semua operator mengonfirmasi metode pembayaran Jika kesalahan terjadi operator ga bisa berbuat apapun selain meminta metode pembayaran yg mereka pilih sendiri tanpa konfirmasi,Ribet Saran barcode sudah tersedia di aplikasi ini Kemudian di aplikasi ini bisa opsi bayar cash atau melalui aplikasi ketika scan barcode Karena tidak semua operator mengonfirmasi metode pembayaran Jika kesalahan terjadi operator tidak bisa berbuat apapun selain meminta metode pembayaran yg mereka pilih sendiri tanpa konfirmasi,ribet saran barcode sudah tersedia di aplikasi ini kemudian di aplikasi ini bisa opsi bayar cash atau melalui aplikasi ketika scan barcode karena tidak semua operator mengonfirmasi metode pembayaran jika kesalahan terjadi operator tidak bisa berbuat apapun selain meminta metode pembayaran yg mereka pilih sendiri tanpa konfirmasi,"['ribet', 'saran', 'barcode', 'sudah', 'tersedia', 'di', 'aplikasi', 'ini', 'kemudian', 'di', 'aplikasi', 'ini', 'bisa', 'opsi', 'bayar', 'cash', 'atau', 'melalui', 'aplikasi', 'ketika', 'scan', 'barcode', 'karena', 'tidak', 'semua', 'operator', 'mengonfirmasi', 'metode', 'pembayaran', 'jika', 'kesalahan', 'terjadi', 'operator', 'tidak', 'bisa', 'berbuat', 'apapun', 'selain', 'meminta', 'metode', 'pembayaran', 'yg', 'mereka', 'pilih', 'sendiri', 'tanpa', 'konfirmasi']",ribet saran barcode sudah sedia di aplikasi ini kemudian di aplikasi ini bisa opsi bayar cash atau lalu aplikasi ketika scan barcode karena tidak semua operator konfirmasi metode bayar jika salah jadi operator tidak bisa buat apa selain minta metode bayar yg mereka pilih sendiri tanpa konfirmasi,
Assave Va,"Kenapa belum bisa muncul barkot saya ,tolong bantuanya, dan impormasinya",5,2024-10-07 14:25:36,Kenapa belum bisa muncul barkot saya tolong bantuanya dan impormasinya,Kenapa belum bisa muncul barkot saya tolong bantuanya dan impormasinya,kenapa belum bisa muncul barkot saya tolong bantuanya dan impormasinya,"['kenapa', 'belum', 'bisa', 'muncul', 'barkot', 'saya', 'tolong', 'bantuanya', 'dan', 'impormasinya']",kenapa belum bisa muncul barkot saya tolong bantuanya dan impormasinya,
Muhammad Haitsam,"Nopol kendaraan tidak sesuai terus, punya mata ga sih untuk mengecek dengan benar?",1,2024-10-07 14:16:14,Nopol kendaraan tidak sesuai terus punya mata ga sih untuk mengecek dengan benar,Nopol kendaraan tidak sesuai terus punya mata tidak sih untuk mengecek dengan benar,nopol kendaraan tidak sesuai terus punya mata tidak sih untuk mengecek dengan benar,"['nopol', 'kendaraan', 'tidak', 'sesuai', 'terus', 'punya', 'mata', 'tidak', 'sih', 'untuk', 'mengecek', 'dengan', 'benar']",nopol kendara tidak sesuai terus punya mata tidak sih untuk ecek dengan benar,
Romadhon Pan,Parah gw isi bensin di isinya pertalite...gk terima gw.😡,1,2024-10-07 13:51:06,Parah gw isi bensin di isinya pertalitegk terima gw,Parah gw isi bensin di isinya pertalitegk terima gw,parah gw isi bensin di isinya pertalitegk terima gw,"['parah', 'gw', 'isi', 'bensin', 'di', 'isinya', 'pertalitegk', 'terima', 'gw']",parah gw isi bensin di isi pertalitegk terima gw,
sadan ardiansyah,Inilah indoneskaku yang tinggal di negara sendiri tetapi sangat di persulit.,1,2024-10-07 13:32:18,Inilah indoneskaku yang tinggal di negara sendiri tetapi sangat di persulit,Inilah indoneskaku yang tinggal di negara sendiri tetapi sangat di persulit,inilah indoneskaku yang tinggal di negara sendiri tetapi sangat di persulit,"['inilah', 'indoneskaku', 'yang', 'tinggal', 'di', 'negara', 'sendiri', 'tetapi', 'sangat', 'di', 'persulit']",ini indoneskaku yang tinggal di negara sendiri tetapi sangat di sulit,
Fathoer Rachman,Sempurna,5,2024-10-07 12:50:20,Sempurna,Sempurna,sempurna,['sempurna'],sempurna,
NURIN TAMAM,sudah ok,5,2024-10-07 12:47:19,sudah ok,sudah ok,sudah ok,"['sudah', 'ok']",sudah ok,
Platina Geser,Aplikasi kaya jembut,1,2024-10-07 12:26:45,Aplikasi kaya jembut,Aplikasi kaya jembut,aplikasi kaya jembut,"['aplikasi', 'kaya', 'jembut']",aplikasi kaya jembut,
Efri Hoki,"Mudah2an mendaftarnya mudah, sampai sekarang belum dapat barcode",5,2024-10-07 12:20:03,Mudahan mendaftarnya mudah sampai sekarang belum dapat barcode,Mudahan mendaftarnya mudah sampai sekarang belum dapat barcode,mudahan mendaftarnya mudah sampai sekarang belum dapat barcode,"['mudahan', 'mendaftarnya', 'mudah', 'sampai', 'sekarang', 'belum', 'dapat', 'barcode']",mudah daftar mudah sampai sekarang belum dapat barcode,
Jam,Ketika memasukkan kode verifikasi lambat sekali proses nya. Terdapat beberapa kali gagal. Sebelum berhasil. Tolong kerja sama Dengan PIHAK GOOGLE. CARA BIKIN APLIKASI YG BAGUS. GAK LEMOT,1,2024-10-07 12:19:04,Ketika memasukkan kode verifikasi lambat sekali proses nya Terdapat beberapa kali gagal Sebelum berhasil Tolong kerja sama Dengan PIHAK GOOGLE CARA BIKIN APLIKASI YG BAGUS GAK LEMOT,Ketika memasukkan kode verifikasi lambat sekali proses nya Terdapat beberapa kali gagal Sebelum berhasil Tolong kerja sama Dengan PIHAK GOOGLE CARA BIKIN APLIKASI YG BAGUS GAK LEMOT,ketika memasukkan kode verifikasi lambat sekali proses nya terdapat beberapa kali gagal sebelum berhasil tolong kerja sama dengan pihak google cara bikin aplikasi yg bagus gak lemot,"['ketika', 'memasukkan', 'kode', 'verifikasi', 'lambat', 'sekali', 'proses', 'nya', 'terdapat', 'beberapa', 'kali', 'gagal', 'sebelum', 'berhasil', 'tolong', 'kerja', 'sama', 'dengan', 'pihak', 'google', 'cara', 'bikin', 'aplikasi', 'yg', 'bagus', 'gak', 'lemot']",ketika masuk kode verifikasi lambat sekali proses nya dapat beberapa kali gagal belum hasil tolong kerja sama dengan pihak google cara bikin aplikasi yg bagus gak lot,
Arif Kurniawan,"Kacau daftar ga bisa bisa udah berhari hari dicoba padahal data udah bener semua, gimana sih niat bikin aplikasi enggak!?",1,2024-10-07 12:08:21,Kacau daftar ga bisa bisa udah berhari hari dicoba padahal data udah bener semua gimana sih niat bikin aplikasi enggak,Kacau daftar tidak bisa bisa udah berhari hari dicoba padahal data udah bener semua gimana sih niat bikin aplikasi enggak,kacau daftar tidak bisa bisa udah berhari hari dicoba padahal data udah bener semua gimana sih niat bikin aplikasi enggak,"['kacau', 'daftar', 'tidak', 'bisa', 'bisa', 'udah', 'berhari', 'hari', 'dicoba', 'padahal', 'data', 'udah', 'bener', 'semua', 'gimana', 'sih', 'niat', 'bikin', 'aplikasi', 'enggak']",kacau daftar tidak bisa bisa udah hari hari coba padahal data udah bener semua gimana sih niat bikin aplikasi enggak,
Ahmad gazali Rahman,"Saya sudah mendaftar dan sudah terverifiskasi tetapi pada saat ingin masuk mengambil data Code QR tidak bisa keluar, alasan nya data anda belum terdaftar.. Padahal sudah terdaftar di My Pertamina",3,2024-10-07 11:54:29,Saya sudah mendaftar dan sudah terverifiskasi tetapi pada saat ingin masuk mengambil data Code QR tidak bisa keluar alasan nya data anda belum terdaftar Padahal sudah terdaftar di My Pertamina,Saya sudah mendaftar dan sudah terverifiskasi tetapi pada saat ingin masuk mengambil data Code QR tidak bisa keluar alasan nya data anda belum terdaftar Padahal sudah terdaftar di My Pertamina,saya sudah mendaftar dan sudah terverifiskasi tetapi pada saat ingin masuk mengambil data code qr tidak bisa keluar alasan nya data anda belum terdaftar padahal sudah terdaftar di my pertamina,"['saya', 'sudah', 'mendaftar', 'dan', 'sudah', 'terverifiskasi', 'tetapi', 'pada', 'saat', 'ingin', 'masuk', 'mengambil', 'data', 'code', 'qr', 'tidak', 'bisa', 'keluar', 'alasan', 'nya', 'data', 'anda', 'belum', 'terdaftar', 'padahal', 'sudah', 'terdaftar', 'di', 'my', 'pertamina']",saya sudah daftar dan sudah terverifiskasi tetapi pada saat ingin masuk ambil data code qr tidak bisa keluar alas nya data anda belum daftar padahal sudah daftar di my pertamina,
Mazhar Rahmadi,Ok Mantap 👍,5,2024-10-07 11:43:34,Ok Mantap ,Ok Mantap ,ok mantap ,"['ok', 'mantap']",ok mantap,
ZaidanChannel,Not bad,5,2024-10-07 11:29:46,Not bad,Not bad,not bad,"['not', 'bad']",not bad,
hambalie salam,Semoga bermanfaat dan mudah pelayanan nya,3,2024-10-07 11:03:51,Semoga bermanfaat dan mudah pelayanan nya,Semoga bermanfaat dan mudah pelayanan nya,semoga bermanfaat dan mudah pelayanan nya,"['semoga', 'bermanfaat', 'dan', 'mudah', 'pelayanan', 'nya']",moga manfaat dan mudah layan nya,
Bambang Setyawan,Tidak terlalu bagus jalan programnya dan terlalu banyak meminta permohonan yg tidak ada kaitannya dng my Pertamina,1,2024-10-07 10:59:33,Tidak terlalu bagus jalan programnya dan terlalu banyak meminta permohonan yg tidak ada kaitannya dng my Pertamina,Tidak terlalu bagus jalan programnya dan terlalu banyak meminta permohonan yg tidak ada kaitannya dng my Pertamina,tidak terlalu bagus jalan programnya dan terlalu banyak meminta permohonan yg tidak ada kaitannya dng my pertamina,"['tidak', 'terlalu', 'bagus', 'jalan', 'programnya', 'dan', 'terlalu', 'banyak', 'meminta', 'permohonan', 'yg', 'tidak', 'ada', 'kaitannya', 'dng', 'my', 'pertamina']",tidak terlalu bagus jalan program dan terlalu banyak minta mohon yg tidak ada kait dng my pertamina,
fajar putro,"kok bisa NIK sy sudah terdaftar padahal belum pernah sama sekali mendaftar subsidi ini.mohon maaf,sy sangat kecewa.",2,2024-10-07 10:58:07,kok bisa NIK sy sudah terdaftar padahal belum pernah sama sekali mendaftar subsidi inimohon maafsy sangat kecewa,kok bisa NIK sy sudah terdaftar padahal belum pernah sama sekali mendaftar subsidi inimohon maafsy sangat kecewa,kok bisa nik sy sudah terdaftar padahal belum pernah sama sekali mendaftar subsidi inimohon maafsy sangat kecewa,"['kok', 'bisa', 'nik', 'sy', 'sudah', 'terdaftar', 'padahal', 'belum', 'pernah', 'sama', 'sekali', 'mendaftar', 'subsidi', 'inimohon', 'maafsy', 'sangat', 'kecewa']",kok bisa nik sy sudah daftar padahal belum pernah sama sekali daftar subsidi inimohon maafsy sangat kecewa,
Muhammad Ridwan,Beli bahan bakar ribet disuru daftar gagal mulu....,1,2024-10-07 10:57:11,Beli bahan bakar ribet disuru daftar gagal mulu,Beli bahan bakar ribet disuru daftar gagal mulu,beli bahan bakar ribet disuru daftar gagal mulu,"['beli', 'bahan', 'bakar', 'ribet', 'disuru', 'daftar', 'gagal', 'mulu']",beli bahan bakar ribet disuru daftar gagal mulu,
Danang Mustang,Gasss!!!!,5,2024-10-07 10:56:14,Gasss,Gasss,gasss,['gasss'],gasss,
OkinZ,Pendaftaran susah .. Terjadi kesalahan terus ..,1,2024-10-07 10:54:15,Pendaftaran susah  Terjadi kesalahan terus ,Pendaftaran susah  Terjadi kesalahan terus ,pendaftaran susah  terjadi kesalahan terus ,"['pendaftaran', 'susah', 'terjadi', 'kesalahan', 'terus']",daftar susah jadi salah terus,
amir uddin,Mantap bagus. Kalau bisa di percepat Verifikasi barcode BBM bersubsidi nya,5,2024-10-07 10:47:51,Mantap bagus Kalau bisa di percepat Verifikasi barcode BBM bersubsidi nya,Mantap bagus Kalau bisa di percepat Verifikasi barcode BBM bersubsidi nya,mantap bagus kalau bisa di percepat verifikasi barcode bbm bersubsidi nya,"['mantap', 'bagus', 'kalau', 'bisa', 'di', 'percepat', 'verifikasi', 'barcode', 'bbm', 'bersubsidi', 'nya']",mantap bagus kalau bisa di cepat verifikasi barcode bbm subsidi nya,
Dayak Flores,Terimakasih,5,2024-10-07 10:45:04,Terimakasih,Terimakasih,terimakasih,['terimakasih'],terimakasih,
Pikuk Wae,"Disuruh masuk akun..setelah masuk akun aktivasi email, trus masuk akun lagi trus ativasi lagi, giliran daftar nik sudah terdaftar.",3,2024-10-07 10:42:40,Disuruh masuk akunsetelah masuk akun aktivasi email trus masuk akun lagi trus ativasi lagi giliran daftar nik sudah terdaftar,Disuruh masuk akunsetelah masuk akun aktivasi email trus masuk akun lagi trus ativasi lagi giliran daftar nik sudah terdaftar,disuruh masuk akunsetelah masuk akun aktivasi email trus masuk akun lagi trus ativasi lagi giliran daftar nik sudah terdaftar,"['disuruh', 'masuk', 'akunsetelah', 'masuk', 'akun', 'aktivasi', 'email', 'trus', 'masuk', 'akun', 'lagi', 'trus', 'ativasi', 'lagi', 'giliran', 'daftar', 'nik', 'sudah', 'terdaftar']",suruh masuk akunsetelah masuk akun aktivasi email trus masuk akun lagi trus ativasi lagi gilir daftar nik sudah daftar,
Wibowo,Membantu org kecil,5,2024-10-07 10:40:49,Membantu org kecil,Membantu org kecil,membantu org kecil,"['membantu', 'org', 'kecil']",bantu org kecil,
Rudi Wanto Setiawan,"Ga compitable, masa hrs google chrome",1,2024-10-07 10:26:32,Ga compitable masa hrs google chrome,Ga compitable masa hrs google chrome,ga compitable masa hrs google chrome,"['ga', 'compitable', 'masa', 'hrs', 'google', 'chrome']",ga compitable masa hrs google chrome,
HAERI ANSORI,Daftarnya mudah. Buja aplikasi pertamanya yang susah no hp sama pin tidak cocok terus,4,2024-10-07 10:17:27,Daftarnya mudah Buja aplikasi pertamanya yang susah no hp sama pin tidak cocok terus,Daftarnya mudah Buja aplikasi pertamanya yang susah no hp sama pin tidak cocok terus,daftarnya mudah buja aplikasi pertamanya yang susah no hp sama pin tidak cocok terus,"['daftarnya', 'mudah', 'buja', 'aplikasi', 'pertamanya', 'yang', 'susah', 'no', 'hp', 'sama', 'pin', 'tidak', 'cocok', 'terus']",daftar mudah buja aplikasi pertama yang susah no hp sama pin tidak cocok terus,
Arif Ajja,Ribet... verifikasi sudah sesuai tetap aja di tolak terus...,1,2024-10-07 10:15:17,Ribet verifikasi sudah sesuai tetap aja di tolak terus,Ribet verifikasi sudah sesuai tetap aja di tolak terus,ribet verifikasi sudah sesuai tetap aja di tolak terus,"['ribet', 'verifikasi', 'sudah', 'sesuai', 'tetap', 'aja', 'di', 'tolak', 'terus']",ribet verifikasi sudah sesuai tetap aja di tolak terus,
Made Lebah,Proses daftar & verifikasi sangat lambat !!!! Staff kerjanya apa ? Bisa kerja kagak ? Parah habis !!!!!! Gede nama doang !!!!! SAMPAHHHHH !!!,1,2024-10-07 10:11:56,Proses daftar  verifikasi sangat lambat  Staff kerjanya apa  Bisa kerja kagak  Parah habis  Gede nama doang  SAMPAHHHHH ,Proses daftar  verifikasi sangat lambat  Staff kerjanya apa  Bisa kerja kagak  Parah habis  Gede nama doang  SAMPAHHHHH ,proses daftar  verifikasi sangat lambat  staff kerjanya apa  bisa kerja kagak  parah habis  gede nama doang  sampahhhhh ,"['proses', 'daftar', 'verifikasi', 'sangat', 'lambat', 'staff', 'kerjanya', 'apa', 'bisa', 'kerja', 'kagak', 'parah', 'habis', 'gede', 'nama', 'doang', 'sampahhhhh']",proses daftar verifikasi sangat lambat staff kerja apa bisa kerja kagak parah habis gede nama doang sampahhhhh,
Pur Wanto,Blm bisa digunakan,5,2024-10-07 10:03:07,Blm bisa digunakan,Blm bisa digunakan,blm bisa digunakan,"['blm', 'bisa', 'digunakan']",blm bisa guna,
Samsi Dalle,Loading,1,2024-10-07 09:52:00,Loading,Loading,loading,['loading'],loading,
M.Adi Prastyo,Aplikasi g jelas sering eror,1,2024-10-07 09:39:07,Aplikasi g jelas sering eror,Aplikasi tidak jelas sering eror,aplikasi tidak jelas sering eror,"['aplikasi', 'tidak', 'jelas', 'sering', 'eror']",aplikasi tidak jelas sering eror,
Ary Jatmoko,Sekarang bagi yang sdh punya kendaraan di wajibkan install aplikasi mypertamina..tp ketika mau di pakai barcode nya..ngg mau ke buka,3,2024-10-07 09:35:20,Sekarang bagi yang sdh punya kendaraan di wajibkan install aplikasi mypertaminatp ketika mau di pakai barcode nyangg mau ke buka,Sekarang bagi yang sdh punya kendaraan di wajibkan install aplikasi mypertaminatp ketika mau di pakai barcode nyangg mau ke buka,sekarang bagi yang sdh punya kendaraan di wajibkan install aplikasi mypertaminatp ketika mau di pakai barcode nyangg mau ke buka,"['sekarang', 'bagi', 'yang', 'sdh', 'punya', 'kendaraan', 'di', 'wajibkan', 'install', 'aplikasi', 'mypertaminatp', 'ketika', 'mau', 'di', 'pakai', 'barcode', 'nyangg', 'mau', 'ke', 'buka']",sekarang bagi yang sdh punya kendara di wajib install aplikasi mypertaminatp ketika mau di pakai barcode nyangg mau ke buka,
Trias Budi R.,saya beri bintang 5 karena cuma butuh waktu 30 menit dari awal proses pendaftaran sampai terverifikasi.,5,2024-10-07 09:30:20,saya beri bintang  karena cuma butuh waktu  menit dari awal proses pendaftaran sampai terverifikasi,saya beri bintang  karena cuma butuh waktu  menit dari awal proses pendaftaran sampai terverifikasi,saya beri bintang  karena cuma butuh waktu  menit dari awal proses pendaftaran sampai terverifikasi,"['saya', 'beri', 'bintang', 'karena', 'cuma', 'butuh', 'waktu', 'menit', 'dari', 'awal', 'proses', 'pendaftaran', 'sampai', 'terverifikasi']",saya beri bintang karena cuma butuh waktu menit dari awal proses daftar sampai verifikasi,
fahmankemuning permai,Gak jelas aplikasinya mau verifikasi aja dipersulit tombol buat verifikasi nggak bisa di klik... Klo belum siap jangan dulu diluncurkan lah...,1,2024-10-07 09:24:22,Gak jelas aplikasinya mau verifikasi aja dipersulit tombol buat verifikasi nggak bisa di klik Klo belum siap jangan dulu diluncurkan lah,Gak jelas aplikasinya mau verifikasi aja dipersulit tombol buat verifikasi tidak bisa di klik Klo belum siap jangan dulu diluncurkan lah,gak jelas aplikasinya mau verifikasi aja dipersulit tombol buat verifikasi tidak bisa di klik klo belum siap jangan dulu diluncurkan lah,"['gak', 'jelas', 'aplikasinya', 'mau', 'verifikasi', 'aja', 'dipersulit', 'tombol', 'buat', 'verifikasi', 'tidak', 'bisa', 'di', 'klik', 'klo', 'belum', 'siap', 'jangan', 'dulu', 'diluncurkan', 'lah']",gak jelas aplikasi mau verifikasi aja sulit tombol buat verifikasi tidak bisa di klik klo belum siap jangan dulu luncur lah,
Trisna Orchid'16,"bagus ..tapi masih agak lemot untuk loading barcode d apk SPBU nya,",4,2024-10-07 09:10:15,bagus tapi masih agak lemot untuk loading barcode d apk SPBU nya,bagus tapi masih agak lemot untuk loading barcode d aplikasi SPBU nya,bagus tapi masih agak lemot untuk loading barcode d aplikasi spbu nya,"['bagus', 'tapi', 'masih', 'agak', 'lemot', 'untuk', 'loading', 'barcode', 'd', 'aplikasi', 'spbu', 'nya']",bagus tapi masih agak lot untuk loading barcode d aplikasi spbu nya,
Ade aryatna,Aplikasi mudah di gunakan ..masukan nya tolong dong di mutasi atau di aktifitas harus ada pemberitahuan setiap kita isi BBM jadi jika mobil di pinjam kita bisa ta di isi apa gk nya BBM nya...,4,2024-10-07 08:59:58,Aplikasi mudah di gunakan masukan nya tolong dong di mutasi atau di aktifitas harus ada pemberitahuan setiap kita isi BBM jadi jika mobil di pinjam kita bisa ta di isi apa gk nya BBM nya,Aplikasi mudah di gunakan masukan nya tolong dong di mutasi atau di aktifitas harus ada pemberitahuan setiap kita isi BBM jadi jika mobil di pinjam kita bisa ta di isi apa tidak nya BBM nya,aplikasi mudah di gunakan masukan nya tolong dong di mutasi atau di aktifitas harus ada pemberitahuan setiap kita isi bbm jadi jika mobil di pinjam kita bisa ta di isi apa tidak nya bbm nya,"['aplikasi', 'mudah', 'di', 'gunakan', 'masukan', 'nya', 'tolong', 'dong', 'di', 'mutasi', 'atau', 'di', 'aktifitas', 'harus', 'ada', 'pemberitahuan', 'setiap', 'kita', 'isi', 'bbm', 'jadi', 'jika', 'mobil', 'di', 'pinjam', 'kita', 'bisa', 'ta', 'di', 'isi', 'apa', 'tidak', 'nya', 'bbm', 'nya']",aplikasi mudah di guna masuk nya tolong dong di mutasi atau di aktifitas harus ada pemberitahuan tiap kita isi bbm jadi jika mobil di pinjam kita bisa ta di isi apa tidak nya bbm nya,
Rio Renaldi,Ribetttttttt bangetttttttt,1,2024-10-07 08:59:07,Ribetttttttt bangetttttttt,Ribetttttttt bangetttttttt,ribetttttttt bangetttttttt,"['ribetttttttt', 'bangetttttttt']",ribetttttttt bangetttttttt,
Bagus Safiih,"susah ribet, njlimet, program mcm apa ini, ???",1,2024-10-07 08:34:03,susah ribet njlimet program mcm apa ini ,susah ribet njlimet program mcm apa ini ,susah ribet njlimet program mcm apa ini ,"['susah', 'ribet', 'njlimet', 'program', 'mcm', 'apa', 'ini']",susah ribet njlimet program mcm apa ini,
abdillah viking,ngak usah di download klo buat QR code,1,2024-10-07 08:29:22,ngak usah di download klo buat QR code,tidak usah di download klo buat QR code,tidak usah di download klo buat qr code,"['tidak', 'usah', 'di', 'download', 'klo', 'buat', 'qr', 'code']",tidak usah di download klo buat qr code,
Sarno Biak,Bagus,5,2024-10-07 08:10:04,Bagus,Bagus,bagus,['bagus'],bagus,
Ari,"""Terjadi kesalahan pada proses tambah unit subsidi. Coba kembali beberapa saat"" Why...why...whyyy...mau heran, tapi..",1,2024-10-07 07:56:00,Terjadi kesalahan pada proses tambah unit subsidi Coba kembali beberapa saat Whywhywhyyymau heran tapi,Terjadi kesalahan pada proses tambah unit subsidi Coba kembali beberapa saat Whywhywhyyymau heran tapi,terjadi kesalahan pada proses tambah unit subsidi coba kembali beberapa saat whywhywhyyymau heran tapi,"['terjadi', 'kesalahan', 'pada', 'proses', 'tambah', 'unit', 'subsidi', 'coba', 'kembali', 'beberapa', 'saat', 'whywhywhyyymau', 'heran', 'tapi']",jadi salah pada proses tambah unit subsidi coba kembali beberapa saat whywhywhyyymau heran tapi,
Adrian Hilman,Apk sampah login OTP gak bisa²,1,2024-10-07 07:53:46,Apk sampah login OTP gak bisa,Apk sampah login OTP tidak bisa,apk sampah login otp tidak bisa,"['apk', 'sampah', 'login', 'otp', 'tidak', 'bisa']",apk sampah login otp tidak bisa,
pejuang analog,mana ini aplikasi buat ribet aja barcode susah di dapat padahal pengisian udh tepat klo belum siap jgn buatcaplikadi nya,1,2024-10-07 07:50:59,mana ini aplikasi buat ribet aja barcode susah di dapat padahal pengisian udh tepat klo belum siap jgn buatcaplikadi nya,mana ini aplikasi buat ribet aja barcode susah di dapat padahal pengisian udh tepat klo belum siap jgn buatcaplikadi nya,mana ini aplikasi buat ribet aja barcode susah di dapat padahal pengisian udh tepat klo belum siap jgn buatcaplikadi nya,"['mana', 'ini', 'aplikasi', 'buat', 'ribet', 'aja', 'barcode', 'susah', 'di', 'dapat', 'padahal', 'pengisian', 'udh', 'tepat', 'klo', 'belum', 'siap', 'jgn', 'buatcaplikadi', 'nya']",mana ini aplikasi buat ribet aja barcode susah di dapat padahal isi udh tepat klo belum siap jgn buatcaplikadi nya,
tiga Bersaudara,mantap,5,2024-10-07 07:48:03,mantap,mantap,mantap,['mantap'],mantap,
Dini Supartini,"Baru mau daftar my pertamina tapi keterangan nik sudah terdaftar, padahal sebelumnya belum pernah. Kenapa sulit sekali daftar bbm subsidi",1,2024-10-07 07:44:15,Baru mau daftar my pertamina tapi keterangan nik sudah terdaftar padahal sebelumnya belum pernah Kenapa sulit sekali daftar bbm subsidi,Baru mau daftar my pertamina tapi keterangan nik sudah terdaftar padahal sebelumnya belum pernah Kenapa sulit sekali daftar bbm subsidi,baru mau daftar my pertamina tapi keterangan nik sudah terdaftar padahal sebelumnya belum pernah kenapa sulit sekali daftar bbm subsidi,"['baru', 'mau', 'daftar', 'my', 'pertamina', 'tapi', 'keterangan', 'nik', 'sudah', 'terdaftar', 'padahal', 'sebelumnya', 'belum', 'pernah', 'kenapa', 'sulit', 'sekali', 'daftar', 'bbm', 'subsidi']",baru mau daftar my pertamina tapi terang nik sudah daftar padahal belum belum pernah kenapa sulit sekali daftar bbm subsidi,
ayi juanda,"Pakai mypertamina semua kebutuhan jadi mudah,terima kasih mypertamina",5,2024-10-07 07:43:57,Pakai mypertamina semua kebutuhan jadi mudahterima kasih mypertamina,Pakai mypertamina semua kebutuhan jadi mudahterima kasih mypertamina,pakai mypertamina semua kebutuhan jadi mudahterima kasih mypertamina,"['pakai', 'mypertamina', 'semua', 'kebutuhan', 'jadi', 'mudahterima', 'kasih', 'mypertamina']",pakai mypertamina semua butuh jadi mudahterima kasih mypertamina,
yoga mourinho,RIBET!,2,2024-10-07 07:34:13,RIBET,RIBET,ribet,['ribet'],ribet,
Deni Prasetiawan,Belum coba,5,2024-10-07 07:30:38,Belum coba,Belum coba,belum coba,"['belum', 'coba']",belum coba,
Ezra Nugraheni,Mengapa pada saat mendaftar tidak bisa masuk / log in dengan PIN yang sudah didaftarkan?,1,2024-10-07 07:16:56,Mengapa pada saat mendaftar tidak bisa masuk  log in dengan PIN yang sudah didaftarkan,Mengapa pada saat mendaftar tidak bisa masuk  log in dengan PIN yang sudah didaftarkan,mengapa pada saat mendaftar tidak bisa masuk  log in dengan pin yang sudah didaftarkan,"['mengapa', 'pada', 'saat', 'mendaftar', 'tidak', 'bisa', 'masuk', 'log', 'in', 'dengan', 'pin', 'yang', 'sudah', 'didaftarkan']",mengapa pada saat daftar tidak bisa masuk log in dengan pin yang sudah daftar,
Riau roster,Oke,5,2024-10-07 07:13:46,Oke,Oke,oke,['oke'],oke,
ANDREAS WAHYUDI,TIDAK BISA DIBUKA ALIAS ERROR,1,2024-10-07 07:13:08,TIDAK BISA DIBUKA ALIAS ERROR,TIDAK BISA DIBUKA ALIAS ERROR,tidak bisa dibuka alias error,"['tidak', 'bisa', 'dibuka', 'alias', 'error']",tidak bisa buka alias error,
Prasetiyo Anwar,BARU MAU BIKIN AKUN AJA SUSAH NYA MINTA AMPUN!!!! PAAAYAAAAH!!!,1,2024-10-07 06:58:29,BARU MAU BIKIN AKUN AJA SUSAH NYA MINTA AMPUN PAAAYAAAAH,BARU MAU BIKIN AKUN AJA SUSAH NYA MINTA AMPUN PAAAYAAAAH,baru mau bikin akun aja susah nya minta ampun paaayaaaah,"['baru', 'mau', 'bikin', 'akun', 'aja', 'susah', 'nya', 'minta', 'ampun', 'paaayaaaah']",baru mau bikin akun aja susah nya minta ampun paaayaaaah,
Djodi Firman,"For the time being, Good and the best",5,2024-10-07 06:42:44,For the time being Good and the best,For the time being Good and the best,for the time being good and the best,"['for', 'the', 'time', 'being', 'good', 'and', 'the', 'best']",for the time being good and the best,
Rochmad Ikhsanudin,Pendaftaran susah selalu di tolak alasan nik & foto KTP tidak sama. Alasan tdk masuk akal,1,2024-10-07 06:31:00,Pendaftaran susah selalu di tolak alasan nik  foto KTP tidak sama Alasan tdk masuk akal,Pendaftaran susah selalu di tolak alasan nik  foto KTP tidak sama Alasan tidak masuk akal,pendaftaran susah selalu di tolak alasan nik  foto ktp tidak sama alasan tidak masuk akal,"['pendaftaran', 'susah', 'selalu', 'di', 'tolak', 'alasan', 'nik', 'foto', 'ktp', 'tidak', 'sama', 'alasan', 'tidak', 'masuk', 'akal']",daftar susah selalu di tolak alas nik foto ktp tidak sama alas tidak masuk akal,
Wawan Setiawan,Good,5,2024-10-07 06:25:40,Good,Good,good,['good'],good,
RIZAL BTR,Burik,1,2024-10-07 05:55:16,Burik,Burik,burik,['burik'],burik,
Sutopo Hartawan,Berbelit beli daptarnya,1,2024-10-07 04:07:19,Berbelit beli daptarnya,Berbelit beli daptarnya,berbelit beli daptarnya,"['berbelit', 'beli', 'daptarnya']",belit beli daptarnya,
Sugeng Puji,Lemot,1,2024-10-07 01:55:37,Lemot,Lemot,lemot,['lemot'],lot,
D3 TE_DIKI MORALIS,"Tolong tambahin pembayaran kartu debit BCA dong min masa cuman Mandiri, BRI,BNI :(",3,2024-10-07 01:25:55,Tolong tambahin pembayaran kartu debit BCA dong min masa cuman Mandiri BRIBNI ,Tolong tambahin pembayaran kartu debit BCA dong min masa cuman Mandiri BRIBNI ,tolong tambahin pembayaran kartu debit bca dong min masa cuman mandiri bribni ,"['tolong', 'tambahin', 'pembayaran', 'kartu', 'debit', 'bca', 'dong', 'min', 'masa', 'cuman', 'mandiri', 'bribni']",tolong tambahin bayar kartu debit bca dong min masa cuman mandiri bribni,
Eko Bhe,Pengaduan terlalu lama butuh 14 hari..,1,2024-10-07 00:33:09,Pengaduan terlalu lama butuh  hari,Pengaduan terlalu lama butuh  hari,pengaduan terlalu lama butuh  hari,"['pengaduan', 'terlalu', 'lama', 'butuh', 'hari']",adu terlalu lama butuh hari,
Naldi Tanidja,gagal² repot² ulang lagi². masyarakat dibikin persulit,1,2024-10-07 00:26:13,gagal repot ulang lagi masyarakat dibikin persulit,gagal repot ulang lagi masyarakat dibikin persulit,gagal repot ulang lagi masyarakat dibikin persulit,"['gagal', 'repot', 'ulang', 'lagi', 'masyarakat', 'dibikin', 'persulit']",gagal repot ulang lagi masyarakat bikin sulit,
